[
  {
    "id": 1754789250294,
    "userName": "あっぷるぱい",
    "content": "あいうえお",
    "timestamp": "2025-08-10T01:27:30.294Z",
    "replies": [
      {
        "userName": "あっぷるぱい",
        "content": "かきくけこ",
        "timestamp": "2025-08-10T01:28:08.666Z"
      },
      {
        "userName": "tomato",
        "content": "さしすせそ",
        "timestamp": "2025-08-10T07:48:32.692Z"
      },
      {
        "userName": "tomato",
        "content": "ﾀﾁﾂﾃﾄ",
        "timestamp": "2025-08-10T07:50:35.844Z"
      }
    ],
    "likes": []
  }
]
